time,voltage
0.0,-11.865303251254385
0.005,-12.755106834227984
0.01,-13.503602374056312
0.015,-14.117417848649197
0.02,-14.603181235916466
0.025,-14.967520513767946
0.03,-15.217063660113464
0.035,-15.35843865286285
0.04,-15.398273469925929
0.045,-15.34319608921253
0.05,-15.199834488632478
0.055,-14.9748166460956
0.06,-14.67477053951173
0.065,-14.306324146790688
0.07,-13.876105445842306
0.075,-13.39074241457641
0.08,-12.856863030902826
0.085,-12.281095272731383
0.09,-11.670067117971906
0.095,-11.030406544534227
0.1,-10.368741530328169
0.105,-9.69170005326356
0.11,-9.005910091250232
0.115,-8.317999622198009
0.12,-7.634596624016712
0.125,-6.9623290746160675
0.13,-6.484086714338031
0.135,-6.042256387356563
0.14,-5.662380297497729
0.145,-5.339877689312366
0.15,-5.091049796930278
0.155,-4.660834670337311
0.16,-4.127104548354792
0.165,-3.9061035471755563
0.17,-3.9379654573340823
0.17500000000000002,-4.002953937590925
0.18,-4.0726847322986295
0.185,-4.11854782046818
0.19,-4.094494071597921
0.195,-4.05196274674261
0.2,-4.131208572850673
0.20500000000000002,-4.3335705731128975
0.21,-4.56746592367726
0.215,-4.741644395886402
0.22,-4.496372432230493
0.225,-3.9535005292840246
0.23,-3.925516420166849
0.23500000000000001,-4.376011719219063
0.24,-4.686211212962968
0.245,-4.767865818181696
0.25,-4.742326715317828
0.255,-4.661960736915247
0.26,-4.52779820682218
0.265,-4.339672839094792
0.27,-4.09786225861396
0.275,-3.802520046502728
0.28,-3.4513372213566975
0.28500000000000003,-3.0424372607495025
0.29,-2.4438768524809342
0.295,-1.5295495881224725
0.3,-0.559117997114213
0.305,0.07106023890825611
0.31,0.4850102879405833
0.315,0.6095077607836379
0.32,0.41178675781410945
0.325,0.39725738417502743
0.33,0.5275120006644968
0.335,0.7267068645692104
0.34,1.1198100323626474
0.34500000000000003,1.280690982308459
0.35000000000000003,1.1367043607844811
0.355,1.195623622407077
0.36,1.5650294922507866
0.365,1.6551257539995359
0.37,1.054728911679226
0.375,0.15826317318781558
0.38,-0.4051232103913703
0.385,-0.6639041826008691
0.39,-0.8684403499456772
0.395,-1.0183845227185722
0.4,-1.111131386966735
0.405,-1.146733140926389
0.41000000000000003,-1.4755392792178914
0.41500000000000004,-2.1523104067960723
0.42,-2.3845232032313572
0.425,-2.0838396487022477
0.43,-1.7604313734202353
0.435,-1.5010975256950085
0.44,-1.5154953531051074
0.445,-1.7978931548600496
0.45,-2.1197551392685448
0.455,-2.3920886421200507
0.46,-2.5846963303096815
0.465,-2.6795653602322567
0.47000000000000003,-2.655176515599926
0.47500000000000003,-2.6848954493500834
0.48,-2.981420634828396
0.485,-3.36156038407639
0.49,-3.6379255756503706
0.495,-3.807859531570754
0.5,-3.87850549304849
0.505,-3.8704521546779502
0.51,-3.785907645306865
0.515,-3.6647760618843512
0.52,-3.4991565437873087
0.525,-2.9897548262146194
0.53,-2.1575291328355153
0.535,-1.5188507683777166
0.54,-1.1627383886080067
0.545,-0.7992084771299075
0.55,-0.4733682115695792
0.555,-0.37267736106910965
0.56,-0.2987464152048208
0.5650000000000001,-0.10903379896489368
0.5700000000000001,0.1410144973040179
0.5750000000000001,0.4360029375544237
0.58,0.4922572187617664
0.585,0.2534622363777719
0.59,0.05999459485475528
0.595,-0.11305366126270341
0.6,0.023504030803761344
0.605,0.5441677375636234
0.61,0.883582704988427
0.615,0.8307774128259378
0.62,0.510580862299218
0.625,0.1941293291085151
0.63,-0.02953279896189781
0.635,-0.2338546361150935
0.64,-0.31077388644022563
0.645,-0.20099768836583487
0.65,-0.057843861944158415
0.655,-0.0055375413105907545
0.66,0.04576358676378656
0.665,0.21194606898344698
0.67,0.4832713893961171
0.675,0.5836235225638853
0.68,0.42729990605167756
0.685,0.21538064761626408
0.6900000000000001,-0.051397801058578996
0.6950000000000001,-0.11769620420699423
0.7000000000000001,0.10312001993306785
0.705,0.3349722139949531
0.71,0.5194008362903488
0.715,0.7707716955621609
0.72,1.0894706986480132
0.725,1.0445180365887499
0.73,0.3646731700543622
0.735,-0.5196811289851996
0.74,-1.0368769746708002
0.745,-1.2414550189894706
0.75,-1.393415003357638
0.755,-1.4926902471050831
0.76,-1.522713172227075
0.765,-1.4877951867645942
0.77,-1.3505122347883445
0.775,-1.0985195441756277
0.78,-1.0543396149466797
0.785,-1.31879356769714
0.79,-1.4513609193722767
0.795,-1.259817010861557
0.8,-0.8691471949309022
0.805,-0.5494556183072552
0.81,-0.49412533411026804
0.8150000000000001,-0.5056191508854793
0.8200000000000001,-0.2153206952717026
0.8250000000000001,0.4422378004192351
0.8300000000000001,1.0945260780713502
0.835,1.431472672571465
0.84,1.6050340158435539
0.845,1.7322852306380565
0.85,1.8580497925519637
0.855,2.1099491487432767
0.86,2.362653368996928
0.865,2.4179584339798508
0.87,2.2518863093667894
0.875,1.9119891198314924
0.88,1.5597607837749383
0.885,1.476253407110238
0.89,1.6071270593274058
0.895,1.8032998863192913
0.9,1.954562212463037
0.905,1.9276967534008058
0.91,1.8077277256665063
0.915,1.740893680867325
0.92,1.7405747379080296
0.925,1.771989509424447
0.93,1.76100623285074
0.935,1.6833733863001017
0.9400000000000001,1.5415823668466109
0.9450000000000001,1.3934951995182239
0.9500000000000001,1.414861263706098
0.9550000000000001,1.4899173509283283
0.96,1.3851011410003549
0.965,1.1458341255786044
0.97,0.6293376658860739
0.975,-0.18688126821452844
0.98,-0.8540722898837996
0.985,-1.175854222607934
0.99,-1.2968574718655952
0.995,-1.3581123212939707
1.0,-1.2086892476176432
1.0050000000000001,-0.7905864195233152
1.01,-0.4155124376330902
1.0150000000000001,-0.2975559879388965
1.02,-0.18816237482488768
1.025,0.1923684038878145
1.03,0.7413950896881557
1.035,1.2716916302378298
1.04,1.7935582969148993
1.045,2.401110602187546
1.05,3.0844208713585104
1.055,3.4043289789814413
1.06,3.271363266095568
1.065,3.032593925778027
1.07,2.9276286205177744
1.075,2.7725383625977633
1.08,2.3290007629880853
1.085,1.892618709598872
1.09,1.78957460144817
1.095,2.056247828959344
1.1,2.5709581498290848
1.105,3.078434021691589
1.11,3.2069770078995434
1.115,3.029528744746526
1.12,2.8547410035499574
1.125,2.598781725936626
1.1300000000000001,2.362470907159036
1.135,2.2996514120596214
1.1400000000000001,2.3629583791543736
1.145,2.4522693481212574
1.1500000000000001,2.289601801595329
1.155,1.8630959527901174
1.16,1.4765289278201057
1.165,1.2831989518180789
1.17,1.114761527058433
1.175,0.8732525663835756
1.18,0.6835307110256277
1.185,0.5938641317223945
1.19,0.4007747314103599
1.195,0.0010530510449667796
1.2,-0.39062735851649966
1.205,-0.7466862529381445
1.21,-1.2362616744018204
1.215,-1.7826267296625977
1.22,-2.364383444194524
1.225,-2.979005706054952
1.23,-3.5091381465426554
1.235,-3.6427763036190477
1.24,-3.4461496390546476
1.245,-3.479180003829823
1.25,-3.7025386424120135
1.2550000000000001,-3.9945995166782886
1.26,-4.441971289382009
1.2650000000000001,-4.812185824094781
1.27,-4.844570856231574
1.2750000000000001,-4.55012491380187
1.28,-4.1639193273019375
1.285,-3.842225115748595
1.29,-3.6001312245695103
1.295,-3.4736157337755156
1.3,-3.547757293832765
1.305,-3.7750417053694822
1.31,-3.9486459198383628
1.315,-4.115551501307396
1.32,-4.324972637419389
1.325,-4.47690779515611
1.33,-4.573665579582126
1.335,-4.625448282055591
1.34,-4.532617458156343
1.345,-4.289141010926811
1.35,-3.8801154584730195
1.355,-3.423339671634139
1.36,-3.1120820697730376
1.365,-2.9055401460413575
1.37,-2.749285436202196
1.375,-2.6960239120264697
1.3800000000000001,-2.526575172973213
1.385,-1.852526573665795
1.3900000000000001,-0.9631519818544467
1.395,-0.6025188987173453
1.4000000000000001,-0.6328494462951286
1.405,-0.41643944013202616
1.41,-0.03915534813484056
1.415,0.1333482925741285
1.42,0.12253594456813166
1.425,0.17793133055193022
1.43,0.3112395900893431
1.435,0.34428627758774966
1.44,0.20018203640839138
1.445,0.17109579460645025
1.45,0.47223941367597405
1.455,0.6092631319258839
1.46,0.14649581334239004
1.465,-0.597037418768107
1.47,-1.2018814585395075
1.475,-1.5729006789140398
1.48,-1.5273182090438717
1.485,-1.1476183602186971
1.49,-0.9920047244118204
1.495,-1.1784758821543253
1.5,-1.3899919898552322
1.5050000000000001,-1.4982761830812743
1.51,-1.4915544089283646
1.5150000000000001,-1.4135508684531541
1.52,-1.2622568348349306
1.5250000000000001,-1.0238538469791416
1.53,-0.6621688034098155
1.5350000000000001,-0.33039287398327977
1.54,-0.2800946511476351
1.545,-0.49297006510431207
1.55,-0.8387854157903716
1.555,-1.207029323356455
1.56,-1.564828212485144
1.565,-1.961673801903415
1.57,-2.424810297471751
1.575,-2.7781086216863335
1.58,-2.9392605848499835
1.585,-2.9069391989522164
1.59,-2.635472898653829
1.595,-2.0191525109775084
1.6,-1.1275118464058151
1.605,-0.5990103001579713
1.61,-0.4781448371733964
1.615,-0.43580670624989026
1.62,-0.2980937350381618
1.625,0.1231784228039997
1.6300000000000001,0.8102620026435496
1.635,1.361124829120072
1.6400000000000001,1.4598847178935177
1.645,1.3358067131501672
1.6500000000000001,1.4424621024244892
1.655,1.726622650966826
1.6600000000000001,1.7978682371247006
1.665,1.6621536625968236
1.67,1.6495644510191914
1.675,1.7694461495301719
1.68,1.8057536890590042
1.685,1.7563637121351166
1.69,1.732320095930261
1.695,1.7297391434008564
1.7,1.5915449305465779
1.705,1.2782675936933097
1.71,1.1768656539219609
1.715,1.4797671789754872
1.72,1.8913540375722389
1.725,2.2232634854258038
1.73,2.561765922988405
1.735,2.863281226847967
1.74,2.9556176566784216
1.745,2.765639530076019
1.75,2.44213376873045
1.7550000000000001,2.3779194904520686
1.76,2.5857304522224913
1.7650000000000001,2.8312261147780045
1.77,3.1099663380050138
1.7750000000000001,3.428994383514139
1.78,3.806188833499424
1.7850000000000001,4.075433141585439
1.79,4.118524505175662
1.795,4.069047616122631
1.8,4.0799987081369995
1.805,4.21853047057994
1.81,4.471833586725748
1.815,4.909012961070325
1.82,5.483777628481173
1.825,6.098537513010986
1.83,6.763603854427248
1.835,7.304093698893137
1.84,7.48257799566043
1.845,7.52114229546025
1.85,7.563470337455438
1.855,7.434252541783883
1.86,7.2814637415719305
1.865,7.1293890898830865
1.87,6.911789012779299
1.875,6.6732424555375065
1.8800000000000001,6.323813607921962
1.885,5.756827108341654
1.8900000000000001,4.911048888353068
1.895,3.910999593524336
1.9000000000000001,2.9415375285678307
1.905,2.0515865012587526
1.9100000000000001,1.3805421034751293
1.915,0.9576985227238886
1.92,0.526444253855701
1.925,-0.10553616029434221
1.93,-0.7685242891176467
1.935,-1.2416569602072043
1.94,-1.5355003054848222
1.945,-1.716514599549653
1.95,-1.8701037409270824
1.955,-2.1878925060157126
1.96,-2.604715877291957
1.965,-3.013417284952706
1.97,-3.449123175934982
1.975,-3.775838777515399
1.98,-3.931390651200517
1.985,-4.0513078889159635
1.99,-4.252644239450416
1.995,-4.22097942859511
2.0,-3.7616718477100166
2.005,-3.306692411787684
2.0100000000000002,-3.163387554914581
2.015,-3.0017100907922054
2.02,-2.5182486622598517
2.025,-1.9660487178898047
2.0300000000000002,-1.6717736392918614
2.035,-1.488099724557239
2.04,-1.2451057000495058
2.045,-0.9579845223916987
2.05,-0.35651965799066776
2.055,0.5389637882369098
2.06,1.118133675337302
2.065,1.4166261806243272
2.07,1.612277302187771
2.075,1.6298589630661762
2.08,1.5159757333747033
2.085,1.3266430431175076
2.09,1.398929856628329
2.095,2.015552354753417
2.1,2.8347686686732048
2.105,3.3035860118622784
2.11,3.3034875876565257
2.115,2.9136225537019897
2.12,2.276465397021112
2.125,1.6785682854846982
2.13,1.1770747820452097
2.1350000000000002,0.7510065615123167
2.14,0.3468522386159478
2.145,0.14419220693490553
2.15,0.21150733202219002
2.1550000000000002,0.22840855386408357
2.16,0.17807357256970233
2.165,0.01954422717175397
2.17,-0.3480612426957693
2.1750000000000003,-0.587982358199019
2.18,-0.4577568033285841
2.185,-0.358403684278381
2.19,-0.6091270676232491
2.195,-0.9072148603909544
2.2,-1.0326832422157994
2.205,-1.113236365424318
2.21,-1.0657503845921652
2.215,-0.939072988073583
2.22,-1.1013447797758897
2.225,-1.411998593666016
2.23,-1.4182257918237124
2.235,-1.1731215376713067
2.24,-1.0298992789976562
2.245,-0.9726407695660828
2.25,-1.0949182411468639
2.255,-1.5133370048123564
2.2600000000000002,-1.7595770162978255
2.265,-1.5586056473847423
2.27,-1.3973239316657304
2.275,-1.6914297030162742
2.2800000000000002,-2.2359915486005804
2.285,-2.608768873325385
2.29,-2.7876532577540267
2.295,-2.975114985361026
2.3000000000000003,-3.187653978129453
2.305,-3.550514542732422
2.31,-4.068108564368414
2.315,-4.10253688609365
2.32,-3.655351116076282
2.325,-3.240531860356846
2.33,-2.878589473788561
2.335,-2.366711509188539
2.34,-1.7165716664937367
2.345,-1.4385424128870743
2.35,-1.6618226674252101
2.355,-2.1075108828360865
2.36,-2.6382470514628764
2.365,-2.9544781573099215
2.37,-2.778438025918007
2.375,-2.396937301111639
2.38,-2.144288525243509
2.3850000000000002,-1.8731894297010923
2.39,-1.5400463945915708
2.395,-1.2405390112152768
2.4,-1.0336322161836529
2.4050000000000002,-0.958422165635813
2.41,-0.9262250682094803
2.415,-0.8552907417976692
2.42,-0.5034200351730145
2.4250000000000003,0.0687393136449973
2.43,0.37327271061218364
2.435,0.3339633249451807
2.44,0.305289995446747
2.445,0.5247004410560087
2.45,0.7656533914793872
2.455,0.7190996353108077
2.46,0.4414534927618011
2.465,0.09530766165415627
2.47,-0.19760102401875562
2.475,-0.1450322329505196
2.48,0.19530565637190195
2.485,0.34049172930432586
2.49,0.27420823664162963
2.495,0.3310041648628349
2.5,0.5350235375373069
2.505,0.8093827311943896
2.5100000000000002,1.142629995411116
2.515,1.59245518329382
2.52,2.036538120050439
2.525,2.306876690113552
2.5300000000000002,2.4884173010159283
2.535,2.5417344437513254
2.54,2.5099014148538257
2.545,2.7102438484045663
2.5500000000000003,3.2263368640009173
2.555,3.7118695859952395
2.56,3.911186282591607
2.565,3.9455079040786316
2.57,3.836250885712474
2.575,3.6651594212957264
2.58,3.821055711873061
2.585,4.136183741405865
2.59,3.9228076642254393
2.595,3.2429754696221513
2.6,2.7538350594659673
2.605,2.542190842986788
2.61,2.4951001382204145
2.615,2.566459795007359
2.62,2.7784929664714633
2.625,2.9955267306147646
2.63,3.1212147958693244
2.6350000000000002,3.2946110977099696
2.64,3.519932606752015
2.645,3.632114134013277
2.65,3.4557134874555127
2.6550000000000002,2.934996994776059
2.66,2.2489428797358926
2.665,1.7252988464761514
2.67,1.4496887084172996
2.6750000000000003,1.2559528754079217
2.68,0.9689712899693879
2.685,0.43700448493895655
2.69,-0.22488106176880873
2.695,-0.4804043609647044
2.7,-0.38667141828547125
2.705,-0.29470335082381854
2.71,-0.24394656049135155
2.715,-0.43743341633482674
2.72,-0.8636755519830626
2.725,-1.3111784021183512
2.73,-1.7116815595690251
2.735,-2.0345220484226827
2.74,-2.2321659545936257
2.745,-2.1742854259133004
2.75,-1.7495340159262525
2.755,-1.1330746473599702
2.7600000000000002,-0.6051136896741952
2.765,-0.21112893198679228
2.77,-0.3787578402735326
2.775,-1.0677344960278579
2.7800000000000002,-1.5634967059653941
2.785,-1.8472167667088022
2.79,-2.1076943478366927
2.795,-2.2506537341085417
2.8000000000000003,-2.1911447115250935
2.805,-2.1305849404505497
2.81,-2.284565038437622
2.815,-2.4777325807120594
2.82,-2.5433082967236262
2.825,-2.500942402985433
2.83,-2.446584540589585
2.835,-2.6291903062429727
2.84,-2.897003150106826
2.845,-2.6309443382978617
2.85,-1.9863677478604491
2.855,-1.588039000125757
2.86,-1.2846161488622223
2.865,-0.6223108069927276
2.87,0.30761458645270806
2.875,0.79924534852111
2.88,0.7945974311647405
2.8850000000000002,0.6021230024372183
2.89,0.3562495051442115
2.895,0.27533196090929224
2.9,0.2926892129025691
2.9050000000000002,0.3361309042477467
2.91,0.5429088841844014
2.915,0.9144806862686822
2.92,1.3450861813971386
2.9250000000000003,1.587904293762383
2.93,1.238557012755315
2.935,0.5040894683664188
2.94,0.0925605267403906
2.945,0.03867885389405712
2.95,-0.21941038753634867
2.955,-0.7547854351219677
2.96,-1.3485909308769402
2.965,-1.9821184768083646
2.97,-2.1285683067084435
2.975,-1.7316350832631584
2.98,-1.2698237562144166
2.985,-0.8452693486201543
2.99,-0.5979637716320422
2.995,-0.5335250047159673
3.0,-0.5026870287760701
3.005,-0.6014779037286208
3.0100000000000002,-0.9801167381724187
3.015,-1.5666051874349258
3.02,-2.1880611723934873
3.025,-2.507175772561851
3.0300000000000002,-2.4394857798206626
3.035,-2.2062160522090606
3.04,-2.0021567503223903
3.045,-1.991603806241263
3.0500000000000003,-2.037368151726072
3.055,-2.063223205891486
3.06,-2.2306054329978378
3.065,-2.465691282646057
3.0700000000000003,-2.5451307996030197
3.075,-2.4744863503296237
3.08,-2.324473801204516
3.085,-2.0671522787203007
3.09,-1.7102116270896282
3.095,-1.221461815409529
3.1,-0.7146829031182765
3.105,-0.3953396041827322
3.11,-0.13853626437828415
3.115,0.1654146512993142
3.12,0.2200935265541703
3.125,-0.0008978536315506769
3.13,-0.04433623987928933
3.1350000000000002,0.1031958439451391
3.14,0.38838572293177
3.145,0.846137612377241
3.15,1.341531129783712
3.1550000000000002,1.7078836967987132
3.16,1.819781833295057
3.165,1.7627606602410575
3.17,1.5991873634611993
3.1750000000000003,1.3144530773779914
3.18,1.0905375853007795
3.185,1.1620268196274892
3.19,1.4327411877892509
3.1950000000000003,1.6992164822563176
3.2,2.092161321571709
3.205,2.726076287319269
3.21,3.42473459318072
3.215,3.935675238099977
3.22,4.350396631303162
3.225,4.584242784115245
3.23,4.527191129552858
3.235,4.1633200419288405
3.24,3.571937308066169
3.245,3.4483697666853383
3.25,3.8295182670495063
3.255,4.141030717807684
3.2600000000000002,4.170411026150948
3.265,3.894475538753094
3.27,3.4807896126155002
3.275,3.175210699230042
3.2800000000000002,3.026700673698158
3.285,2.825441264463505
3.29,2.249213397095047
3.295,1.4357516456120893
3.3000000000000003,0.9684075464130489
3.305,0.9216489325280018
3.31,0.9476796298065749
3.315,0.8616914664991462
3.3200000000000003,0.5872022929158458
3.325,0.25048855800505804
3.33,0.14644998657579614
3.335,0.23575615875877992
3.34,0.21152928053642694
3.345,0.06546506331437385
3.35,0.005649007910626502
3.355,-0.08199831491248064
3.36,-0.2194789462314445
3.365,-0.18052540410737328
3.37,-0.0007956416447023468
3.375,0.16833591992887909
3.38,0.3415377812353608
3.3850000000000002,0.5129084226272125
3.39,0.615389361389209
3.395,0.5893104917426472
3.4,0.5157955744873067
3.4050000000000002,0.3144319610447207
3.41,-0.09512227759950154
3.415,-0.6121738726257857
3.42,-1.1493639634247137
3.4250000000000003,-1.5281070099486596
3.43,-1.7828125683091585
3.435,-2.0555289421503793
3.44,-2.348720883111325
3.4450000000000003,-2.388004340632483
3.45,-2.10182057694657
3.455,-1.7419367056459554
3.46,-1.5726960238976944
3.465,-1.6034252639555824
3.47,-1.6237156786392006
3.475,-1.5854501184966174
3.48,-1.6268550351935545
3.485,-1.8135532793980245
3.49,-1.9861213752187588
3.495,-2.04798277562118
3.5,-2.427947087123042
3.505,-3.1707500325325646
3.5100000000000002,-3.9226091447515854
3.515,-4.656437052385134
3.52,-4.93139296411687
3.525,-4.654687784883131
3.5300000000000002,-4.500915043280299
3.535,-4.660574313686386
3.54,-4.78447577880468
3.545,-4.6816827861924075
3.5500000000000003,-4.4284776936098105
3.555,-4.119275240149387
3.56,-3.7520503601638646
3.565,-3.4755529541403902
3.5700000000000003,-3.2695930676334903
3.575,-2.6793800691688086
3.58,-1.8148589691889159
3.585,-1.3766316071681701
3.59,-1.2657313213357018
3.595,-0.7994350121558988
3.6,0.03150582481561359
3.605,0.5238022754790507
3.61,0.5653142663725292
3.615,0.7922078179164049
3.62,1.2923720126959102
3.625,1.5456951405761772
3.63,1.4539027699374216
3.6350000000000002,1.3766679473845556
3.64,1.423493227918052
3.645,1.4620247416401102
3.65,1.5095585593915393
3.6550000000000002,1.6180477060012057
3.66,1.702431502577506
3.665,1.638493002490697
3.67,1.4070746047346214
3.6750000000000003,1.167753885146831
3.68,0.9612045676297476
3.685,0.8011852074145074
3.69,1.084414463532866
3.6950000000000003,1.7843169312171712
3.7,2.1646891814757296
3.705,2.1417929467568113
3.71,1.8719791722007026
3.715,1.3977788758417562
3.72,0.9096011932605378
3.725,0.5307051709579544
3.73,0.157269585451727
3.735,-0.33325833691203766
3.74,-0.8367947022243227
3.745,-1.1369030766928103
3.75,-1.3032892632898152
3.755,-1.4949151736654487
3.7600000000000002,-1.6110685640587754
3.765,-1.5801463661275248
3.77,-1.4566404286659702
3.775,-1.6322882876060292
3.7800000000000002,-2.155341015097809
3.785,-2.639228629537844
3.79,-2.9277582276934515
3.795,-3.08866500128129
3.8000000000000003,-3.1920091115297633
3.805,-2.978519768168831
3.81,-2.413162880902754
3.815,-1.818727096474629
3.8200000000000003,-1.3998644161521268
3.825,-1.2815087151321414
3.83,-1.5450876088281256
3.835,-2.016181559182572
3.84,-2.246935307159463
3.845,-2.1925864030478324
3.85,-2.1665695088073886
3.855,-2.1909803310051985
3.86,-1.9503069691891042
3.865,-1.426219139763872
3.87,-1.0721643407684744
3.875,-1.0020482658607681
3.88,-0.9538497054554721
3.8850000000000002,-0.7287199526726419
3.89,-0.3960684576637046
3.895,-0.15266832080784465
3.9,-0.10429722413129117
3.9050000000000002,-0.16882990667565043
3.91,-0.16881861147126093
3.915,-0.11004273132486486
3.92,-0.09896311772593636
3.9250000000000003,0.0143042500025935
3.93,0.3249298300905829
3.935,0.7241038976885965
3.94,1.17824767807392
3.9450000000000003,1.3626664086381188
3.95,1.253693463137774
3.955,1.4809449523829183
3.96,2.023663986628684
3.9650000000000003,2.5980281295568934
3.97,3.1970839350411393
3.975,3.494907547162327
3.98,3.4843390327193795
3.985,3.4314857326695742
3.99,3.396869734651742
3.995,3.340612478501226
4.0,3.2124843699686223
4.005,3.029002801885999
4.01,2.897403209811268
4.015,2.7615864176083393
4.0200000000000005,2.430156438996972
4.025,1.968450896209709
4.03,1.6015300658482658
4.035,1.359510523111831
4.04,1.388634751597513
4.045,1.6553457944491214
4.05,1.8296149756741873
4.055,1.9437011214025284
4.0600000000000005,1.9285208603864366
4.065,1.6715955563223805
4.07,1.5388920261346442
4.075,1.575271936619457
4.08,1.4243707963016021
4.085,1.1111864307396466
4.09,0.8595129388710203
4.095,0.7509320883830027
4.1,0.7566059151876433
4.105,0.7974528181877341
4.11,0.9334533862730162
4.115,1.2099994912835488
4.12,1.4623927541327426
4.125,1.4202473224534886
4.13,1.2060049863930804
4.135,1.4212360856270438
4.14,1.9993921009571345
4.1450000000000005,2.196936715341915
4.15,2.001309378231243
4.155,2.072399068439319
4.16,2.4825168386304406
4.165,2.6499344760815644
4.17,2.3947278664895157
4.175,2.2428739728035962
4.18,2.4808344118206342
4.1850000000000005,2.7726340066651587
4.19,2.8841044604737007
4.195,3.08998888563524
4.2,3.6081688553835387
4.205,4.130889055076354
4.21,4.101439547630429
4.215,3.684517589411709
4.22,3.4412942377040974
4.225,3.263018872557149
4.23,3.155229117806435
4.235,3.166491912695612
4.24,2.878680685472435
4.245,2.3049448837557813
4.25,1.9032121654630518
4.255,1.6616274251781245
4.26,1.5111632778784183
4.265,1.454720565405237
4.2700000000000005,1.2555184217559927
4.275,0.8725356254258563
4.28,0.5810321033427109
4.285,0.4931575040203603
4.29,0.41468069818260805
4.295,0.09859819109262671
4.3,-0.3963592787934398
4.305,-0.7661460770632829
4.3100000000000005,-0.9188252101486271
4.315,-0.8449232585061345
4.32,-0.626437483449552
4.325,-0.8840437492543888
4.33,-1.6553806926450807
4.335,-2.1683023412146594
4.34,-2.274530853795991
4.345,-2.228766620218219
4.3500000000000005,-2.1288925369801714
4.355,-1.8497290112573546
4.36,-1.3776685016799415
4.365,-1.0834555451828058
4.37,-1.2134861293213182
4.375,-1.5105140474609173
4.38,-1.56969034665955
4.385,-1.3410318965244774
4.39,-1.0904990887999575
4.3950000000000005,-0.937418940875977
4.4,-0.588734161441166
4.405,-0.026329868278574642
4.41,0.2244146740918569
4.415,0.14938785152388745
4.42,0.252158171012699
4.425,0.6170547732172338
4.43,0.9045365371568466
4.4350000000000005,0.9649356871336631
4.44,0.8995127570994694
4.445,0.894345653782356
4.45,0.9535474205146758
4.455,0.8682886038993423
4.46,0.551427464066237
4.465,0.23062831476903722
4.47,0.10075002316157461
4.4750000000000005,0.0072847939408684295
4.48,-0.21019409284863336
4.485,-0.5348192607670894
4.49,-0.9561510006729675
4.495,-1.1970977404864525
4.5,-1.2209513034655144
4.505,-1.642819883474526
4.51,-2.4832330759403787
4.515,-3.420622069982349
4.5200000000000005,-4.456564112007416
4.525,-5.067061062993253
4.53,-5.108599548278859
4.535,-5.077210212362304
4.54,-5.255286427514336
4.545,-5.674160431799159
4.55,-6.204063973255976
4.555,-6.683733665493575
4.5600000000000005,-7.017834381265579
4.565,-7.179155032604159
4.57,-7.298485150001682
4.575,-7.438691353909103
4.58,-7.345960696493618
4.585,-6.964962280570252
4.59,-6.555013470917478
4.595,-6.168226676411515
4.6000000000000005,-5.96638722695983
4.605,-5.895612370461591
4.61,-5.848185774334157
4.615,-5.898127371101895
4.62,-5.758636944997619
4.625,-5.253993893064517
4.63,-4.5848014309046
4.635,-3.865178411019166
4.64,-3.1546964504571013
4.6450000000000005,-2.6315321395829807
4.65,-2.1498694001147656
4.655,-1.4749310937979996
4.66,-0.8038646663071295
4.665,-0.28265641168224376
4.67,0.19041716838086536
4.675,0.6417383854834932
4.68,1.015821411504511
4.6850000000000005,1.1527138125020815
4.69,1.081646475441819
4.695,1.2215835681219827
4.7,1.6118957358685335
4.705,1.8716129994836523
4.71,1.8805913131359895
4.715,2.1006164957056637
4.72,2.771093385892071
4.7250000000000005,3.3519846688491417
4.73,3.4159379163659667
4.735,3.291805358418518
4.74,3.31256180389887
4.745,3.3765124157190036
4.75,3.3999563744690167
4.755,3.3353870711259717
4.76,3.271248571123772
4.765,3.3277976010938146
4.7700000000000005,3.450805482599005
4.775,3.6388709728529385
4.78,3.5485320743915096
4.785,3.109480450838345
4.79,2.549357233273808
4.795,1.9250258744036768
4.8,1.6989684065914996
4.805,1.9810024294960222
4.8100000000000005,2.252431945393161
4.815,2.331000484221645
4.82,2.417919942900298
4.825,2.515902016522879
4.83,2.3955028756387877
4.835,1.965845857453721
4.84,1.3701936127738708
4.845,0.7313617149924939
4.8500000000000005,0.085385462962495
4.855,-0.23981826302136808
4.86,-0.200603232024489
4.865,0.05611919791246946
4.87,0.4472842549587438
4.875,0.4310337489766267
4.88,0.0542305197270021
4.885,-0.09070024346737154
4.89,0.055087212807733626
4.8950000000000005,0.34275117091063056
4.9,0.71059973367965
4.905,0.8351083510133759
4.91,0.4938949480802191
4.915,-0.03659755536002052
4.92,-0.38367780676855295
4.925,-0.597456370368733
4.93,-0.8605279163031195
4.9350000000000005,-1.1346037288304665
4.94,-1.205293593282763
4.945,-1.0049881721322833
4.95,-0.6338599966542813
4.955,-0.17777045387270246
4.96,0.301413437787441
4.965,0.8314565287135548
4.97,1.2590246666133247
4.9750000000000005,1.492915738490558
4.98,1.5946481810499258
4.985,1.7298259192562735
4.99,1.9182659213015831
4.995,1.9997914793647917
5.0,1.784533589844078
5.005,1.2531632385984186
5.01,0.6449471756952745
5.015,0.2552988648837305
5.0200000000000005,0.044491604527997775
5.025,-0.14904654360634634
5.03,-0.30556809363760096
5.035,-0.33887711726919545
5.04,-0.1792886422531395
5.045,0.37120020842914314
5.05,1.2268251152859535
5.055,1.6495183372614213
5.0600000000000005,1.5585909148001151
5.065,1.4572671690117116
5.07,1.5144080436011178
5.075,1.3182686490842737
5.08,0.7050347341907692
5.085,0.30445522895974286
5.09,0.46738575967577367
5.095,0.7045191973578195
5.1000000000000005,0.6580373295887376
5.105,0.5049742178514478
5.11,0.3416051056156042
5.115,0.15776896605966853
5.12,-0.14088659698907852
5.125,-0.564619162220362
5.13,-0.5516330533372011
5.135,-0.13583929902719594
5.14,-0.12720774592587636
5.1450000000000005,-0.5173625305423026
5.15,-0.9273544831946378
5.155,-1.362777728297293
5.16,-1.7002203645543514
5.165,-1.8391464477993877
5.17,-1.6813077338006628
5.175,-1.2824753337335428
5.18,-0.9365184491009552
5.1850000000000005,-0.7313531294423856
5.19,-0.5165992458095039
5.195,-0.20439995696316884
5.2,0.258586929564754
5.205,0.7926082800336223
5.21,1.2493358130948784
5.215,1.601035445022504
5.22,1.8476508917024144
5.2250000000000005,1.9236587076585077
5.23,1.8036481865364702
5.235,1.6029672246777222
5.24,1.4079544183978254
5.245,1.0075332950955644
5.25,0.3448380430120486
5.255,0.013421821103723808
5.26,0.16644468345283886
5.265,0.4064340816078147
5.2700000000000005,0.5468713109666339
5.275,0.660426773606054
5.28,0.811409444283905
5.285,1.0502224830105877
5.29,1.4003336534536124
5.295,1.633590728206763
5.3,1.2523506888562554
5.305,0.4375817029562874
5.3100000000000005,-0.03788528147647802
5.315,-0.3060134868361791
5.32,-0.9542829147300885
5.325,-1.9071500262947605
5.33,-2.600368758030697
5.335,-2.968171283941186
5.34,-3.4346988708688535
5.345,-4.1996535504351185
5.3500000000000005,-4.897353922923289
5.355,-5.242984234476539
5.36,-5.305526529500636
5.365,-5.2196586837350205
5.37,-5.107418454599413
5.375,-5.089080879446125
5.38,-5.182445882746493
5.385,-5.457028216505325
5.39,-5.860054259451805
5.3950000000000005,-5.961752527013533
5.4,-5.68647418255795
5.405,-5.210871523615647
5.41,-4.601857769745777
5.415,-4.0516615341196545
5.42,-3.5221188031899797
5.425,-2.8633204223936595
5.43,-2.210365982733037
5.4350000000000005,-1.7501918796762843
5.44,-1.3242102479595488
5.445,-0.7760730942577974
5.45,-0.122356947290478
5.455,0.4991851877988702
5.46,0.8953873317036694
5.465,1.1088981165141214
5.47,1.299443836508022
5.4750000000000005,1.5464825609754405
5.48,1.941309046574228
5.485,2.3305485570741373
5.49,2.5614449133577755
5.495,2.7450395095849243
5.5,3.139433001598975
5.505,3.7735243042463464
5.51,4.329070022940168
5.515,4.672241223336617
5.5200000000000005,4.795258864017413
5.525,4.800190981509024
5.53,4.918910533970071
5.535,5.148166292402666
5.54,5.121680545511397
5.545,4.690394280512532
5.55,4.168046420342176
5.555,3.9149629505834507
5.5600000000000005,3.8711052422602665
5.565,3.6576696213567854
5.57,3.1966401433664924
5.575,2.83055283015752
5.58,2.718065445220741
5.585,2.811212451826358
5.59,3.025850777603459
5.595,3.132173142066766
5.6000000000000005,3.145698955751337
5.605,3.033839119101263
5.61,2.8227941678328565
5.615,2.561186821051688
5.62,2.2326389314868735
5.625,2.136792800871869
5.63,2.351091709213979
5.635,2.4947842315872806
5.64,2.4219831032887345
5.6450000000000005,2.286848389480544
5.65,2.182355536201796
5.655,2.1990754104670507
5.66,2.3343118765864515
5.665,2.471057968974369
5.67,2.6769612586521885
5.675,2.9300763236946006
5.68,2.7022139711224096
5.6850000000000005,1.9816684123012849
5.69,1.2976117563441845
5.695,0.7815936412838767
5.7,0.3849593657112325
5.705,0.0535932295339928
5.71,-0.23341532403194964
5.715,-0.4737364596849256
5.72,-0.45068380586773565
5.7250000000000005,-0.13017508032907654
5.73,0.19721081559695247
5.735,0.27079585838051523
5.74,0.09513554297936072
5.745,-0.086705122150111
5.75,-0.2138347486408298
5.755,-0.3946716803410626
5.76,-0.6298346670049194
5.765,-1.0107553193569074
5.7700000000000005,-1.5029398221849586
5.775,-1.6281179080757702
5.78,-1.410753396807139
5.785,-1.3758180554472865
5.79,-1.6031851895262093
5.795,-2.0382862177465393
5.8,-2.502249715384977
5.805,-2.8378894689634055
5.8100000000000005,-3.065639535120014
5.815,-3.2480930185154784
5.82,-3.4815867762340886
5.825,-3.694000645501889
5.83,-3.698956411141311
5.835,-3.573180736661126
5.84,-3.6093296848390857
5.845,-3.8072934688181164
5.8500000000000005,-3.935535293388958
5.855,-3.9879528664391617
5.86,-3.9105470367679467
5.865,-3.661621686882453
5.87,-3.2088026648606713
5.875,-2.571445795275497
5.88,-2.175611360914665
5.885,-2.1224670720912586
5.89,-1.8118949801910622
5.8950000000000005,-1.0501706402955222
5.9,-0.3152860026703959
5.905,0.23631450141270993
5.91,0.8266640005851125
5.915,1.3956910061363978
5.92,1.6364358722697006
5.925,1.4430973387270405
5.93,1.0909863855091793
5.9350000000000005,1.0267198526956043
5.94,1.2060916460051163
5.945,1.5142774171150104
5.95,1.9561693686816946
5.955,2.3708011094884336
5.96,2.744717985379742
5.965,2.9020899860722147
5.97,2.903872255962665
5.9750000000000005,2.7672577075751827
5.98,2.3774425091312423
5.985,1.8327296171411702
5.99,1.2004936278513896
5.995,0.5785466572501805
6.0,0.08591577473021206
6.005,-0.27631859264796466
6.01,-0.5439028330784896
6.015000000000001,-0.6370416014201649
6.0200000000000005,-0.4844399688970364
6.025,-0.26525083555960743
6.03,-0.45221528383840315
6.035,-0.9522315726658949
6.04,-1.2517528292335818
6.045,-1.4495377091395545
6.05,-1.5682051299447406
6.055,-1.5250933793800856
6.0600000000000005,-1.6416371134697756
6.065,-1.9196697733624477
6.07,-1.9816772525031743
6.075,-1.8381765827925476
6.08,-1.8267689463585342
6.085,-1.992728511188358
6.09,-2.1605175816061335
6.095,-2.25182334129324
6.1000000000000005,-2.2668221916374973
6.105,-2.205617539913775
6.11,-1.9745425534289016
6.115,-1.4554765267019656
6.12,-0.8267871921662948
6.125,-0.4856183124586201
6.13,-0.3641723513465749
6.135,-0.10992580302617683
6.140000000000001,0.30277077471402636
6.1450000000000005,0.7377887565521495
6.15,1.0720558855773308
6.155,1.5440290825021166
6.16,2.28580896675824
6.165,2.6363242076222067
6.17,2.364046860993624
6.175,1.9939248114771835
6.18,1.9070088734259487
6.1850000000000005,1.9433210171600837
6.19,1.8164105129736277
6.195,1.5506087450614783
6.2,1.2269903802169317
6.205,0.8207928288304301
6.21,0.347008324617861
6.215,-0.17646548525701033
6.22,-0.4905977284120431
6.2250000000000005,-0.4970575172715177
6.23,-0.16107189140117317
6.235,0.42035966806853087
6.24,0.6437434004226015
6.245,0.5783306215365985
6.25,0.5708447457393816
6.255,0.654245375627643
6.26,0.977179060421945
6.265000000000001,1.5352838667200217
6.2700000000000005,1.934080041748866
6.275,1.9678197141662963
6.28,2.028920737877737
6.285,2.4993910428486963
6.29,3.039190936541464
6.295,3.06031522341258
6.3,2.700657772506726
6.305,2.4464494523467777
6.3100000000000005,2.2568263004604097
6.315,2.197999842528148
6.32,2.3225389798431486
6.325,2.292794236636965
6.33,2.0189460749121233
6.335,1.602642358677861
6.34,1.2069062008788323
6.345,0.9019529274953642
6.3500000000000005,0.6498356558947441
6.355,0.4517639539378574
6.36,0.3089535142629809
6.365,0.06287952342519493
6.37,-0.45791739252550645
6.375,-1.0355467090918786
6.38,-1.2835465449053434
6.385,-1.1956821223839484
6.390000000000001,-0.9138864789625164
6.3950000000000005,-0.6168720227809511
6.4,-0.8086351395107669
6.405,-1.3947953611104928
6.41,-1.901373746552696
6.415,-2.4143949961371916
6.42,-2.964648069164059
6.425,-3.408160579183002
6.43,-3.7416344078322186
6.4350000000000005,-4.011527812183003
6.44,-4.173760020652421
6.445,-4.221386007019196
6.45,-3.9947317485247646
6.455,-3.4862898776570876
6.46,-3.0692258057502086
6.465,-2.9230325439725795
6.47,-2.759502119146315
6.4750000000000005,-2.3222716133812678
6.48,-1.8450689791609496
6.485,-1.8995027772907598
6.49,-2.4284151470688227
6.495,-2.632313242049786
6.5,-2.4246037632910453
6.505,-1.9087700278453932
6.51,-1.1541280107834826
6.515000000000001,-0.7814383454131202
6.5200000000000005,-0.8283422190185643
6.525,-0.7690551658198487
6.53,-0.4230020550659812
6.535,-0.10547997777729684
6.54,-0.06699257598710462
6.545,-0.102326685988954
6.55,0.0649397228815724
6.555,0.35170928196735596
6.5600000000000005,0.5371212921849033
6.565,0.6773014810392554
6.57,0.923119353822382
6.575,1.1507577457453548
6.58,1.0984605506466458
6.585,0.8505932242554257
6.59,0.9524543888565951
6.595,1.3857439474536697
6.6000000000000005,1.833907564714657
6.605,2.2664701223342405
6.61,2.5598471348964846
6.615,2.7254675793469634
6.62,2.887507319750004
6.625,3.108023548890161
6.63,3.2950278638435315
6.635,3.3549952517815886
6.640000000000001,3.1505286688419636
6.6450000000000005,2.567963827151325
6.65,1.8771615719531938
6.655,1.5539547319324134
6.66,1.5414664145526449
6.665,1.4203558235502638
6.67,1.14197543340436
6.675,1.0338625748555574
6.68,1.1186735859670665
6.6850000000000005,1.2424183967760234
6.69,1.3912772363260708
6.695,1.2927229642964604
6.7,0.9829675180544424
6.705,0.5687179685889481
6.71,-0.07630223967886936
6.715,-0.8582521783531151
6.72,-1.5252120398639208
6.7250000000000005,-1.9543889101760867
6.73,-2.318365234281355
6.735,-2.8603356818651697
6.74,-3.520052393951146
6.745,-4.118303782999029
6.75,-4.610372328399405
6.755,-5.02862877908388
6.76,-5.5874410579021125
6.765000000000001,-6.323635105374879
6.7700000000000005,-6.809655734434879
6.775,-6.989585688609518
6.78,-6.940833577135487
6.785,-6.720752589086437
6.79,-6.591574356173289
6.795,-6.508556586634585
6.8,-6.321761840009222
6.805,-6.018936915795367
6.8100000000000005,-5.568448251988244
6.815,-4.975626657953118
6.82,-4.420932255229388
6.825,-4.050691459592758
6.83,-3.719726911471138
6.835,-3.159301108281582
6.84,-2.4226304093446136
6.845,-1.8247273712144192
6.8500000000000005,-1.412358628833024
6.855,-1.1015285322929929
6.86,-0.8729872407162697
6.865,-0.465406607168993
6.87,0.08867072735847714
6.875,0.4562685562689201
6.88,0.6612607794036339
6.885,1.1124929923536386
6.890000000000001,1.789527207271651
6.8950000000000005,2.3312137054687625
6.9,2.7719775585399664
6.905,3.227778051190129
6.91,3.645660360794262
6.915,3.997332218459096
6.92,4.247668800753468
6.925,4.395244911909962
6.93,4.465077501426336
6.9350000000000005,4.431845553531767
6.94,4.284466435114924
6.945,4.023292004750103
6.95,3.923617550733943
6.955,4.026177976553946
6.96,4.017733414179302
6.965,3.8518480306723686
6.97,4.034622665899226
6.9750000000000005,4.602476258148862
6.98,4.987039286048007
6.985,4.962526292090245
6.99,4.660118706628142
6.995,4.359656563282795
7.0,4.217501451994741
7.005,4.182793607733877
7.01,4.174264570816741
7.015000000000001,4.13484247454931
7.0200000000000005,4.019979435985737
7.025,3.778882875283372
7.03,3.4366060061247197
7.035,2.8947799941035353
7.04,2.1441976295622878
7.045,1.5385442717717703
7.05,1.1120201914469798
7.055,0.7276050555528537
7.0600000000000005,0.3662591219857366
7.065,0.27622451089279987
7.07,0.38096933642098696
7.075,0.23985068756448757
7.08,-0.11592350644523586
7.085,-0.44715673896689856
7.09,-0.7071218110858133
7.095,-0.932777304371687
7.1000000000000005,-1.1471514483686052
7.105,-1.320138242668051
7.11,-1.399095434077107
7.115,-1.3431259065507497
7.12,-1.2216142482172698
7.125,-1.1757509087537494
7.13,-1.1814885524447765
7.135,-1.1495902896621877
7.140000000000001,-1.333249308342746
7.1450000000000005,-1.8126701330571682
7.15,-2.169586886541086
7.155,-2.258222372723932
7.16,-2.1843949583392197
7.165,-2.021007457861363
7.17,-1.7040494709235938
7.175,-1.2354687800924773
7.18,-0.811719433047823
7.1850000000000005,-0.5101389182643826
7.19,-0.22056711211829255
7.195,0.1427138374062728
7.2,0.5671595509820062
7.205,1.0376992717990523
7.21,1.6581262032920148
7.215,2.61593545218749
7.22,3.72994717797768
7.2250000000000005,4.216184955868259
7.23,4.109921691643638
7.235,3.8961080740597858
7.24,3.5835141314605763
7.245,3.515134321416701
7.25,3.7614826898729556
7.255,3.9216073003576883
7.26,3.8461105941171265
7.265000000000001,3.5728550840298916
7.2700000000000005,3.159511460289021
7.275,2.8256509927613616
7.28,2.7281976853560996
7.285,2.843124914969165
7.29,3.119378387395202
7.295,3.453600373279344
7.3,3.6861850018768547
7.305,3.773024024682447
7.3100000000000005,3.5985721597444744
7.315,3.279494643898441
7.32,2.776986009789727
7.325,1.9871387902999171
7.33,1.2585940546824415
7.335,0.7572987050577331
7.34,0.3811747140618543
7.345,0.05007019618866848
7.3500000000000005,-0.10707095580184539
7.355,-0.06781924481466639
7.36,0.12464329940531799
7.365,0.4309665671726238
7.37,0.6362717453559014
7.375,0.5107967802782042
7.38,0.1430112116688331
7.385,-0.163161496411293
7.390000000000001,-0.33210925908682787
7.3950000000000005,-0.39519383355821314
7.4,-0.4220222759783012
7.405,-0.5486063258260038
7.41,-0.7169324384823748
7.415,-0.7761224962613761
7.42,-0.757816903434648
7.425,-1.041329203831416
7.43,-1.630960819060212
7.4350000000000005,-2.2280568942174943
7.44,-2.7026144004077275
7.445,-3.0677616696524477
7.45,-3.366443432387474
7.455,-3.572548328272184
7.46,-3.6624432075553566
7.465,-3.707535831310058
7.47,-3.937836802246373
7.4750000000000005,-4.322469649186487
7.48,-4.422378516372054
7.485,-4.1614103734235295
7.49,-3.6916544018118724
7.495,-3.088239012634303
7.5,-2.704750597916513
7.505,-2.5657771261916227
7.51,-2.5953428504747422
7.515000000000001,-2.7196023162817653
7.5200000000000005,-2.7249630126952575
7.525,-2.5727885904156484
7.53,-2.372352780729107
7.535,-2.2344676682242315
7.54,-2.095257913482311
7.545,-1.9801108527812366
7.55,-2.0936699961137943
7.555,-2.4504842821868715
7.5600000000000005,-2.744247857922742
7.565,-2.579098775139171
7.57,-2.1294135738948947
7.575,-1.904118544231658
7.58,-1.8461960339714758
7.585,-1.6607082810140892
7.59,-1.3080318665893043
7.595,-0.7768592787466081
7.6000000000000005,-0.08963291816741242
7.605,0.7242343434698771
7.61,1.5723469799537406
7.615,1.9422110048079768
7.62,1.8195093970838514
7.625,1.60048122114355
7.63,1.4425015240644452
7.635,1.3692003096093581
7.640000000000001,1.3904108614250439
7.6450000000000005,1.4601573823717513
7.65,1.4548675630601386
7.655,1.328795205050916
7.66,1.180012243565387
7.665,1.1423713237790163
7.67,1.2541072301033356
7.675,1.3611896768355896
7.68,1.4645018811556296
7.6850000000000005,1.597539303509387
7.69,1.5849135728894927
7.695,1.467414173800089
7.7,1.3212223629458932
7.705,1.1610824174759793
7.71,1.32684800204839
7.715,1.8153996008213573
7.72,2.077489499594387
7.7250000000000005,1.9415000191985994
7.73,1.696508576837958
7.735,1.5278958183597462
7.74,1.439658922713164
7.745,1.3280269294590095
7.75,1.0593933710874306
7.755,0.640305028958122
7.76,0.12087642882365968
7.765000000000001,-0.31852073228500977
7.7700000000000005,-0.5673851049392802
7.775,-0.4659213993904569
7.78,-0.07681254373235108
7.785,0.3036470145874232
7.79,0.657660295677029
7.795,0.5386666642653366
7.8,-0.09401147609085392
7.805000000000001,-0.7059114874171233
7.8100000000000005,-1.0452088122533245
7.815,-1.2800549470265878
7.82,-1.6368718684044907
7.825,-1.9504467552161562
7.83,-1.9613305032636763
7.835,-1.7095374027486083
7.84,-1.3112805393980367
7.845,-0.9162773701548597
7.8500000000000005,-0.850431217430579
7.855,-1.0419071515238725
7.86,-1.462505372879746
7.865,-2.1394279519704305
7.87,-2.464894525089227
7.875,-2.352185319380713
7.88,-1.9240492614055715
7.885,-1.2820251822210766
7.890000000000001,-0.7024100966358509
7.8950000000000005,-0.22081100616281568
7.9,0.17524182125043816
7.905,0.47137743945796207
7.91,0.5780060832784719
7.915,0.550148764344312
7.92,0.5768410748140804
7.925,0.5674653278076356
7.930000000000001,0.31607372653517946
7.9350000000000005,-0.1699017364520642
7.94,-0.8119838974040985
7.945,-1.3786203542564492
7.95,-1.8010218037721433
7.955,-2.043864110474277
7.96,-2.0882397270964157
7.965,-2.293008914610123
7.97,-2.7817535825527018
7.9750000000000005,-3.0143217622440597
7.98,-2.8014550129081774
7.985,-2.3977687497098685
7.99,-1.9486216277499713
7.995,-1.5976642506476921
8.0,-1.4676191905214144
8.005,-1.5784257630866838
8.01,-1.7907850273026313
8.015,-1.809698875938392
8.02,-1.3899588466138928
8.025,-0.7478224158103507
8.03,-0.4395669301362212
8.035,-0.5279253104554921
8.040000000000001,-0.8836005458070678
8.045,-1.490660377874113
8.05,-1.9335410635120203
8.055,-2.115956296427328
8.06,-2.330537867843727
8.065,-2.5987599430652093
8.07,-2.755671165799076
8.075,-2.797711341833076
8.08,-2.852330144217628
8.085,-2.999006493099268
8.09,-3.2313529890801402
8.095,-3.556054897192986
8.1,-3.8608094096925383
8.105,-3.886123935837248
8.11,-3.62896245390367
8.115,-3.219541092170728
8.120000000000001,-2.690918310591526
8.125,-2.204013048808314
8.13,-1.764423544027336
8.135,-1.4964375115804518
8.14,-1.427255390810068
8.145,-1.1158605039174694
8.15,-0.5869941680220511
8.155,-0.45223147624625826
8.16,-0.6819969491183591
8.165000000000001,-0.7464931757503797
8.17,-0.4632675573298817
8.175,-0.20578801137070613
8.18,-0.28618751530651365
8.185,-0.49997794782033794
8.19,-0.5467760579072575
8.195,-0.2863559738752055
8.2,0.34923558044132164
8.205,1.0871926243455001
8.21,1.5103516618858301
8.215,1.7612101321476064
8.22,2.0664120647212245
8.225,2.424848132527994
8.23,2.751779077249057
8.235,3.009407931958557
8.24,3.1974855902523416
8.245000000000001,3.3114169936773097
8.25,3.3613184093309325
8.255,3.362691329231592
8.26,3.5975797319556984
8.265,4.193439386097541
8.27,4.6971684612341535
8.275,4.725648989400076
8.28,4.420219627774028
8.285,4.010721378910166
8.290000000000001,3.5400837016763087
8.295,3.1110273705111413
8.3,2.731698869392761
8.305,2.376505408861676
8.31,2.060976986369009
8.315,1.9090709225708915
8.32,1.9651551328980161
8.325,2.2162909613477053
8.33,2.60314635221531
8.335,2.7571103105329473
8.34,2.738316037189669
8.345,2.9689307088888266
8.35,3.4525999797695746
8.355,3.774142626491595
8.36,3.847305268391625
8.365,3.9635364376991418
8.370000000000001,4.237419912366943
8.375,4.454334497765327
8.38,4.48970711001346
8.385,4.472406233542498
8.39,4.517679538523315
8.395,4.586808023622267
8.4,4.373214326106086
8.405,3.853457147795244
8.41,3.7761048007624383
8.415000000000001,4.142723252102731
8.42,4.3479721499990855
8.425,4.349759413603689
8.43,4.328069206245655
8.435,4.3332582098605315
8.44,4.3754073070098105
8.445,4.4335717807522865
8.45,4.134528441719674
8.455,3.243361145004842
8.46,2.2510043527125534
8.465,1.7132320103166485
8.47,1.4238831773412413
8.475,1.021763069456071
8.48,0.54083351456638
8.485,-0.005005486002833737
8.49,-0.5757608832379814
8.495000000000001,-1.0508221392835544
8.5,-1.4045004440388695
8.505,-1.4136005458623684
8.51,-1.130188338630639
8.515,-1.0650044684299775
8.52,-1.2678568326881479
8.525,-1.7067608311744755
8.53,-2.250878569606898
8.535,-2.5803643957241715
8.540000000000001,-2.658301336613508
8.545,-2.6054084324933613
8.55,-2.4925093877051703
8.555,-2.495969435959304
8.56,-2.7238364758041578
8.565,-2.904965160593345
8.57,-2.761520594937274
8.575000000000001,-2.4395728519206474
8.58,-2.3087849890252174
8.585,-2.45167755577537
8.59,-2.5947642717488946
8.595,-2.6579742158703983
8.6,-3.0396700221999255
8.605,-3.819944420710912
8.61,-4.447545656835629
8.615,-4.75710720141672
8.620000000000001,-5.011729417612553
8.625,-5.3899987536819465
8.63,-5.47908715751754
8.635,-5.032219156157169
8.64,-4.536390569432397
8.645,-4.326839165728275
8.65,-4.047166207923256
8.655,-3.4020565334056934
8.66,-2.716920894008087
8.665000000000001,-2.5808610658511615
8.67,-2.900579360553962
8.675,-3.1676877647437265
8.68,-3.3489557433926747
8.685,-3.4185196360167494
8.69,-3.408325446894593
8.695,-3.5323588503489853
8.700000000000001,-3.8005247678047143
8.705,-3.9386397297539646
8.71,-3.810397076333569
8.715,-3.421082163303743
8.72,-2.9539706680198656
8.725,-2.667837821275781
8.73,-2.525209918555931
8.735,-2.352245037797947
8.74,-2.0427710020045717
8.745000000000001,-1.581595035732682
8.75,-1.0253576099788848
8.755,-0.4418212106171221
8.76,-0.1324705340095929
8.765,-0.14060972386444887
8.77,-0.13846630082793937
8.775,-0.10700123806152179
8.78,0.2829141339650061
8.785,1.0660838124334902
8.790000000000001,1.8036132041479693
8.795,2.3612120611317358
8.8,2.6824348883948854
8.805,2.7875275482952215
8.81,2.8191137537895012
8.815,2.974988248600319
8.82,3.162766655435767
8.825000000000001,3.101796162821447
8.83,2.816747771548867
8.835,2.4410141849426625
8.84,2.0428627682717906
8.845,1.8438540996510933
8.85,1.8609017013747688
8.855,2.112798890279035
8.86,2.5692695766402136
8.865,2.9017876350650225
8.870000000000001,3.150593313374652
8.875,3.6333671362770867
8.88,4.309320868268772
8.885,4.411173107319133
8.89,3.8274410434555546
8.895,3.304669512427459
8.9,3.186482388585272
8.905,3.0385153570567303
8.91,2.4653483344471727
8.915000000000001,1.7419229226809934
8.92,1.3097741331799209
8.925,1.2647804385617754
8.93,1.5439025654042375
8.935,1.8720076150951823
8.94,1.7614035245894903
8.945,1.382831554992546
8.950000000000001,1.2979870472496797
8.955,1.4658069828370335
8.96,1.7365397051328686
8.965,2.096005609021207
8.97,2.1621664762683097
8.975,1.8272696475410297
8.98,1.1968430373874772
8.985,0.4962640956104429
8.99,-0.10335139533819815
8.995000000000001,-0.6088170334579411
9.0,-0.8995089158966594
9.005,-0.9646577320451982
9.01,-0.9669561850067072
9.015,-0.9914093998097612
9.02,-0.952606117922171
9.025,-0.774532083050163
9.03,-0.5658404992417498
9.035,-0.6437143820095703
9.040000000000001,-1.0127270967965887
9.045,-1.5787551960462889
9.05,-2.323732742122381
9.055,-3.0400745959961473
9.06,-3.6972188293731976
9.065,-4.17411881285262
9.07,-4.4205067844600086
9.075000000000001,-4.443423911916151
9.08,-4.295659714336337
9.085,-3.9081451608615185
9.09,-3.283221794597901
9.095,-2.79087751796065
9.1,-2.660771361806627
9.105,-2.731021904638159
9.11,-2.8822591944721974
9.115,-3.086789529226463
9.120000000000001,-3.1318881627190716
9.125,-3.0326925721303932
9.13,-3.1622030873785705
9.135,-3.563699640087234
9.14,-3.7179463999291786
9.145,-3.520016036455093
9.15,-2.9766301821312275
9.155,-2.233282332770812
9.16,-1.7247233258610741
9.165000000000001,-1.3794941306158945
9.17,-0.8947982114511015
9.175,-0.24811051552239116
9.18,0.34449084739808683
9.185,0.6552846050513994
9.19,0.7335334728767001
9.195,0.9216586955946908
9.200000000000001,1.2453811072415846
9.205,1.4011566847004928
9.21,1.4264180379913436
9.215,1.5020530648198842
9.22,1.4891229029196902
9.225,1.1752601735715562
9.23,0.6382229625212228
9.235,0.5790484832567322
9.24,1.0348663137891307
9.245000000000001,1.3085389752996937
9.25,1.3898974899016738
9.255,1.3738313608093107
9.26,1.1815457356905723
9.265,0.9054592046274281
9.27,0.664578218982189
9.275,0.4364005809002053
9.28,0.12181957369897473
9.285,-0.25917565287007577
9.290000000000001,-0.5612614185976486
9.295,-0.7469248627144109
9.3,-0.7727100667390814
9.305,-0.640663369361542
9.31,-0.4528154629233103
9.315,-0.1668920033786393
9.32,0.3531123290458651
9.325000000000001,1.039758212629453
9.33,1.3159139394978894
9.335,1.2114976755457527
9.34,0.9857901787668832
9.345,0.572107570107961
9.35,0.12710939471801147
9.355,-0.1299485924236778
9.36,-0.19601168464572827
9.365,-0.16718417602605412
9.370000000000001,-0.07827131289744976
9.375,0.038102979525653086
9.38,0.2850488664281274
9.385,0.7831490826655708
9.39,1.3435599721374183
9.395,1.6910835812941791
9.4,1.9107160653836015
9.405,1.8085890427880353
9.41,1.338393488825658
9.415000000000001,1.1318064328506354
9.42,1.2783262262526696
9.425,1.3568424517883613
9.43,1.2767144461345405
9.435,1.1298786582950244
9.44,0.9258592517171944
9.445,0.7943068949803784
9.450000000000001,0.8624828985599742
9.455,1.1805055097372863
9.46,1.694461701907681
9.465,2.1266802428889906
9.47,2.1692078129255687
9.475,2.036985674107413
9.48,2.228342403719669
9.485,2.645804595702796
9.49,2.7232347806313
9.495000000000001,2.4152479635541737
9.5,2.2396191630331272
9.505,2.252272002863734
9.51,2.1691343062039823
9.515,1.9809138826432444
9.52,1.8189617856178941
9.525,1.7097360469978955
9.53,1.617588764871916
9.535,1.509342323372878
9.540000000000001,1.4492516291120805
9.545,1.4718936389828516
9.55,1.51537823197455
9.555,1.5256808063510552
9.56,1.5818996033234638
9.565,1.7716420225381506
9.57,2.0221814189730942
9.575000000000001,2.0873554378923886
9.58,1.8565465253416797
9.585,1.6260808754322063
9.59,1.5331214077134225
9.595,1.5168243512167996
9.6,1.5149237160935087
9.605,1.5876671941394866
9.61,1.773955799764354
9.615,1.879099338743977
9.620000000000001,1.8617640944562381
9.625,1.7031980125620036
9.63,1.4262978532287565
9.635,1.05630224654846
9.64,0.49545154608654984
9.645,-0.19873926519436974
9.65,-0.7560517011986294
9.655,-1.1788454310992549
9.66,-1.5925972530601484
9.665000000000001,-1.9285376739840494
9.67,-2.1556500898255617
9.675,-2.338499765984765
9.68,-2.5103984981697196
9.685,-2.6304511821480414
9.69,-2.6332312405489424
9.695,-2.537665123314571
9.700000000000001,-2.422248934580478
9.705,-2.2808623150646454
9.71,-1.947648142384426
9.715,-1.5196119782081559
9.72,-1.2860861625941342
9.725,-1.1823236338256695
9.73,-0.9757446168655106
9.735,-0.7074509616787192
9.74,-0.668562283589631
9.745000000000001,-0.9847801259399637
9.75,-1.4187472184489365
9.755,-1.6838189024872094
9.76,-1.8809402704877216
9.765,-2.1231158971287303
9.77,-2.285005461242047
9.775,-2.055826155009896
9.78,-1.5192165361589502
9.785,-1.2634673458559154
9.790000000000001,-1.2270304232458251
9.795,-1.1759501249086108
9.8,-1.1075054064448033
9.805,-0.9589038239922183
9.81,-0.6973462915292541
9.815,-0.26606541511130355
9.82,0.26535078913928145
9.825000000000001,0.7718558907064941
9.83,1.1633166331383582
9.835,1.3054369032848903
9.84,1.2561348940510033
9.845,1.2166033520513975
9.85,1.2292995038638614
9.855,1.1844678504228747
9.86,0.9298809043382028
9.865,0.49259620859380165
9.870000000000001,0.15530223370191218
9.875,-0.08257985994356115
9.88,-0.35708229663904034
9.885,-0.6120375537377102
9.89,-0.6503844618890112
9.895,-0.5451654484980617
9.9,-0.5776716222254427
9.905,-0.7586380866569937
9.91,-1.0243874455685078
9.915000000000001,-1.3096450112998346
9.92,-1.5572661226075761
9.925,-1.8193811434114422
9.93,-1.9489391881908902
9.935,-1.649535813182115
9.94,-1.1392744715194958
9.945,-0.9350897203324641
9.950000000000001,-0.9540310549090694
9.955,-0.9097921507870689
9.96,-0.7688764295452554
9.965,-0.6845832598226146
9.97,-0.7973407875434951
9.975,-0.9446355356540366
9.98,-0.9340016822332211
9.985,-0.9050199795642626
9.99,-1.0716181367770217
9.995000000000001,-1.3456523410863903
10.0,-1.457652302909785
10.005,-1.264701785372973
10.01,-0.9136178486598261
10.015,-0.5850013490816379
10.02,-0.25752246190820743
10.025,0.01656466220098296
10.03,-0.1955136120595245
10.035,-0.8683640877595378
10.040000000000001,-1.320078737355459
10.045,-1.466832069225257
10.05,-1.3977995413117068
10.055,-1.1442860582976668
10.06,-0.8851861515568487
10.065,-0.6118361187509083
10.07,-0.452170796276876
10.075000000000001,-0.5004942635093728
10.08,-0.6617500695620531
10.085,-0.906754493587115
10.09,-0.9217393282395001
10.095,-0.41436646227208007
10.1,0.3092167452550912
10.105,0.8086701892835565
10.11,1.0171935895468998
10.115,1.0244358921414465
10.120000000000001,0.985548504378728
10.125,0.9745444580450711
10.13,0.902734617792754
10.135,0.7772261592871228
10.14,0.6692972908444197
10.145,0.47456058390610256
10.15,0.0806504539645419
10.155,-0.36483914846190524
10.16,-0.7335477347045958
10.165000000000001,-0.745082726107159
10.17,-0.3700364315400867
10.175,0.03759883502152983
10.18,0.33429727301656526
10.185,0.43184682101472793
10.19,0.13424813785503598
10.195,-0.4311981033123016
10.200000000000001,-0.8409753227373102
10.205,-1.0008935092754336
10.21,-0.949359608745126
10.215,-0.6892741627076834
10.22,-0.3952818090100867
10.225,-0.19775137962067535
10.23,-0.22299436027547037
10.235,-0.3717000786060757
10.24,-0.4747550872934389
10.245000000000001,-0.5953608584431556
10.25,-0.6282115852021477
10.255,-0.47956661921064253
10.26,-0.412890235480163
10.265,-0.6580278840268786
10.27,-1.0720477755334028
10.275,-1.4460683625088968
10.28,-1.6667606386326885
10.285,-1.6301906558757762
10.290000000000001,-1.4358413090900666
10.295,-1.2433650323376266
10.3,-0.9472653643606674
10.305,-0.4961836422283665
10.31,-0.029923571167524504
10.315,0.2987892436145229
10.32,0.5836180899719492
10.325000000000001,1.1792990812427777
10.33,2.0430007697074735
10.335,2.641193787072647
10.34,2.9906302897001495
10.345,3.224944095888147
10.35,3.2508338793573524
10.355,3.129385363304786
10.36,2.94343221061594
10.365,2.6762366973340592
10.370000000000001,2.4581546653607793
10.375,2.294782023495984
10.38,2.006713149904619
10.385,1.6628156832930772
10.39,1.5151749566176878
10.395,1.5752664530861733
10.4,1.6292582235133382
10.405,1.6874924515755347
10.41,2.0527479645983737
10.415000000000001,2.674194434466194
10.42,2.923086912335676
10.425,2.733937674164791
10.43,2.5745786980711607
10.435,2.546132596799887
10.44,2.316708097399031
10.445,1.8598460021506409
10.450000000000001,1.4590670976577145
10.455,1.2387452842670563
10.46,1.095152499184877
10.465,0.8816627195996096
10.47,0.6153394214014204
10.475,0.2583875758016354
10.48,-0.15893182654599647
10.485,-0.24298293201194027
10.49,-0.053166599049143254
10.495000000000001,-0.12242884015150807
10.5,-0.36622767552502544
10.505,-0.34253971470040867
10.51,-0.0863232693523579
10.515,0.09648752947354511
10.52,0.2174271077767589
10.525,0.3737374541834837
10.53,0.5882253604100358
10.535,0.8252777434487248
10.540000000000001,1.020192447867411
10.545,1.132896739112598
10.55,1.2359997507066263
10.555,1.2789587984867612
10.56,1.0706560484106005
10.565,0.7842672368132755
10.57,0.8627614671920238
10.575000000000001,1.2253851120233228
10.58,1.387398487226827
10.585,1.2191732140577423
10.59,0.9245574842073225
10.595,0.6167714745299864
10.6,0.24459571226829996
10.605,-0.2383228839916343
10.61,-0.5689677485485996
10.615,-0.7852415088410565
10.620000000000001,-0.9989712812581509
10.625,-1.138676703166534
10.63,-1.2872355830403472
10.635,-1.4773652079242139
10.64,-1.5731263115950287
10.645,-1.525729998088021
10.65,-1.36006397413259
10.655,-1.1130720842206117
10.66,-0.8899276841782778
10.665000000000001,-0.9761235574209937
10.67,-1.2761005345554675
10.675,-1.1927899104438566
10.68,-0.8565827450407699
10.685,-1.0150459055699599
10.69,-1.6287299090378486
10.695,-2.028512332735879
10.700000000000001,-2.1026038859718836
10.705,-2.011585859232392
10.71,-1.843951213934349
10.715,-1.3804706695302522
10.72,-0.5916361388107034
10.725,0.043363369924762196
10.73,0.30422978198027484
10.735,0.35541304415582675
10.74,0.2886911295213438
10.745000000000001,0.22982888961269438
10.75,0.5062733396888315
10.755,1.0843010156794501
10.76,1.575091659176431
10.765,1.8819806954905198
10.77,2.1252162616619064
10.775,2.330138670931698
10.78,2.45204248625673
10.785,2.49354480527189
10.790000000000001,2.378614417194391
10.795,2.101344376364115
10.8,2.132610914323362
10.805,2.5456603516120895
10.81,3.0195422233877958
10.815,3.461341230238106
10.82,3.642323636770411
10.825000000000001,3.357666484181179
10.83,2.9189153079277403
10.835,2.6004994968580535
10.84,2.199554710307985
10.845,1.7128090448842248
10.85,1.3845665663621591
10.855,1.4601324809583491
10.86,1.832723624973113
10.865,1.9048787558471907
10.870000000000001,1.6258222178478352
10.875,1.0496282398662493
10.88,0.2748149317400615
10.885,-0.10561070631796615
10.89,-0.05825061764648215
10.895,-0.19674308446436162
10.9,-0.6560505716605924
10.905,-1.0762859042698782
10.91,-1.340332393050012
10.915000000000001,-1.4219896631719096
10.92,-1.2508193381419601
10.925,-1.1704358957498622
10.93,-1.7345603553295228
10.935,-2.7215627397244098
10.94,-3.3391560973352843
10.945,-3.4974901252407293
10.950000000000001,-3.3405051002809083
10.955,-2.9743377267656608
10.96,-2.8795996914671225
10.965,-3.005215434452645
10.97,-3.2847052295186665
10.975,-3.824319960064982
10.98,-3.9836790283717733
10.985,-3.567700540452807
10.99,-2.970102225625431
10.995000000000001,-2.3597113003370116
11.0,-1.7895100084843603
11.005,-1.3378454796799208
11.01,-1.187228561426999
11.015,-1.4705651269148623
11.02,-1.9806549047373085
11.025,-2.378697686355492
11.03,-2.646800708211446
11.035,-2.76110319656902
11.040000000000001,-2.69086594433079
11.045,-2.2789877019050278
11.05,-1.5676421963440372
11.055,-1.2824637787283866
11.06,-1.4984804588871332
11.065,-1.8005300809404887
11.07,-2.089997830533953
11.075000000000001,-2.172599425045381
11.08,-1.9188583544602695
11.085,-1.4524998190534901
11.09,-1.0458215447781112
11.095,-0.7009078898787744
11.1,-0.169240034635464
11.105,0.4233082828742516
11.11,0.6402480818160913
11.115,0.49052844621439906
11.120000000000001,0.24872203919660163
11.125,-0.02101082992635739
11.13,-0.002524460774359083
11.135,0.38004076645406626
11.14,0.8085024068531681
11.145,1.1247189669301372
11.15,1.2292660238358404
11.155,1.341030701832798
11.16,1.7117271790481994
11.165000000000001,2.1890757153786087
11.17,2.394085015835466
11.175,2.2266393710868178
11.18,2.0466257597539017
11.185,2.199432773193939
11.19,2.5970254194287126
11.195,3.0202588575789693
11.200000000000001,3.3223221155386224
11.205,3.2215888156321846
11.21,2.757531439524138
11.215,2.4059664424364744
11.22,2.2960446689315033
11.225,2.3711527983295624
11.23,2.618059613932348
11.235,2.7359157248896766
11.24,2.605779225948651
11.245000000000001,2.2993343969796776
11.25,1.877678047918638
11.255,1.189701939607776
11.26,0.2414337461016746
11.265,-0.6333481968792488
11.27,-1.1928035193855848
11.275,-1.3764585508970077
11.28,-1.2915144277605008
11.285,-1.0926246595964206
11.290000000000001,-0.9193154140773019
11.295,-0.8876028620828709
11.3,-1.245905655434699
11.305,-1.891945548282496
11.31,-2.2905728871755455
11.315,-2.421385942129367
11.32,-2.462651396079701
11.325000000000001,-2.396033082835383
11.33,-2.0285728558559124
11.335,-1.405935837801894
11.34,-0.9284489349409584
11.345,-0.7049491926201054
11.35,-0.7507590615811011
11.355,-0.9573042553600413
11.36,-0.9906150325047012
11.365,-0.7374615184171385
11.370000000000001,-0.2774726817515577
11.375,0.3518367829130531
11.38,1.028412797785867
11.385,1.5694735227135321
11.39,1.9437026492046012
11.395,1.9047538782569582
11.4,1.4543992968392345
11.405,1.2527233933597794
11.41,1.3762620845330567
11.415000000000001,1.3210961160129535
11.42,0.9916051454989254
11.425,0.7440476201417137
11.43,0.6657524127406957
11.435,0.583825200768638
11.44,0.4285222522033908
11.445,0.40679713727368166
11.450000000000001,0.5280962178300551
11.455,0.6736149535139017
11.46,0.8609051160303984
11.465,0.9468934172094445
11.47,0.8659041449700924
11.475,0.7742499428383972
11.48,0.6818758617738889
11.485,0.5928952108770063
11.49,0.50307047499916
11.495000000000001,0.38937982377970004
11.5,0.4375591310603344
11.505,0.582727774490817
11.51,0.6902374139456285
11.515,0.842208320802986
11.52,0.9497116481978447
11.525,1.0089678942041314
11.53,1.0617725138408072
11.535,1.0024821460763813
11.540000000000001,0.8146711039170157
11.545,0.5584349957295973
11.55,0.29219047181060953
11.555,0.16092217186696645
11.56,0.14927692241607926
11.565,0.11044971102274337
11.57,0.10036625811141196
11.575000000000001,0.23675245755988766
11.58,0.45028908783435617
11.585,0.34128774116592353
11.59,-0.08279545342544309
11.595,-0.49347215242204606
11.6,-0.8742993367473217
11.605,-0.7550392554501034
11.61,-0.11877929038297597
11.615,0.15792664121578032
11.620000000000001,-0.08426969610927673
11.625,-0.3269666427002552
11.63,-0.46899458221893675
11.635,-0.7582612154920115
11.64,-1.2033349954495058
11.645,-1.650472194125924
11.65,-1.9769071246257082
11.655,-2.102504204302239
11.66,-1.982925514352234
11.665000000000001,-1.7710364153509306
11.67,-1.7514754247981377
11.675,-1.765169344058261
11.68,-1.4645446876142783
11.685,-0.9529021598469705
11.69,-0.6346415001381868
11.695,-0.45146789193516246
11.700000000000001,-0.2564812048704237
11.705,-0.19301030696498578
11.71,-0.36793520846311856
11.715,-0.739628049387435
11.72,-1.0938446268559119
11.725,-1.208819508939654
11.73,-1.0527635266348627
11.735,-0.7373527556954811
11.74,-0.371362456649652
11.745000000000001,-0.0949586313771206
11.75,-0.04024449855301338
11.755,-0.4628050465021295
11.76,-1.2781203020219098
11.765,-2.015264254787379
11.77,-2.632871599483974
11.775,-2.992794608286779
11.78,-3.098905586702374
11.785,-3.3356061132740242
11.790000000000001,-3.743814638446925
11.795,-3.8870468413714425
11.8,-3.769627899757084
11.805,-3.8806745345903617
11.81,-4.2508269695084175
11.815,-4.511017422794138
11.82,-4.529951708037711
11.825000000000001,-4.525919718751547
11.83,-4.681339743810245
11.835,-4.83848053020496
11.84,-4.719765285640524
11.845,-4.2847987621255115
11.85,-3.588964625745425
11.855,-2.787641332204753
11.86,-2.5880195428852435
11.865,-2.9387512152783586
11.870000000000001,-2.793700559727374
11.875,-2.089051949051679
11.88,-1.8129703014408292
11.885,-2.0745015493913685
11.89,-2.309853165516466
11.895,-2.3176597096120632
11.9,-2.1548525913433414
11.905,-1.89262664097836
11.91,-1.6442380301433017
11.915000000000001,-1.5497023550014875
11.92,-1.4933439635125612
11.925,-1.1685296042510682
11.93,-0.5569073012076918
11.935,0.01579418741375198
11.94,0.42838955437162746
11.945,0.9456151591313089
11.950000000000001,1.5918773014211307
11.955,1.8922831096885142
11.96,1.8352827392479303
11.965,1.7401340061753419
11.97,1.6476005329587204
11.975,1.460070365101386
11.98,1.2062363746881026
11.985,0.868882071439641
11.99,0.3834476803417603
11.995000000000001,-0.1865858509368793
12.0,-0.7836203888451589
12.005,-1.1253638453388093
12.01,-0.9507315061366026
12.015,-0.5809808245459103
12.02,-0.41314615812461863
12.025,-0.36414778451222884
12.030000000000001,-0.42545231171633113
12.035,-0.5625405596351309
12.040000000000001,-0.49554725793611054
12.045,-0.23876399719909464
12.05,-0.3364701018964624
12.055,-0.8582352586739953
12.06,-1.191665834916746
12.065,-1.1696253137564148
12.07,-1.0713776427582884
12.075000000000001,-1.061631382047162
12.08,-1.0397361139717325
12.085,-0.8818450760921569
12.09,-0.6404804213955515
12.095,-0.414408346664648
12.1,-0.2749999632561898
12.105,-0.35545567734585404
12.11,-0.5730607103824895
12.115,-0.5243614290951121
12.120000000000001,-0.16159019311394507
12.125,0.15116565780654354
12.13,0.23971033966804234
12.135,0.30589184695631444
12.14,0.48245775304687766
12.145,0.9439894151703278
12.15,1.619919468030442
12.155000000000001,2.1477128383401323
12.16,2.5311888655584376
12.165000000000001,2.949082182003835
12.17,3.428620750854783
12.175,3.836300892071623
12.18,4.14647079028424
12.185,4.323784135503064
12.19,4.231177980847912
12.195,4.02005469821073
12.200000000000001,3.938119706301288
12.205,3.8666873794174985
12.21,3.743636594844938
12.215,3.578285146425569
12.22,3.2386677994636135
12.225,2.7770939839665587
12.23,2.4929400013457985
12.235,2.3961238963047484
12.24,2.264520850671229
12.245000000000001,2.1089231030766946
12.25,2.285596495749
12.255,2.7618043090084035
12.26,2.8641861053534736
12.265,2.344240289096277
12.27,1.6143984287070114
12.275,1.046250053671446
12.280000000000001,0.7130533990794997
12.285,0.5871886892758231
12.290000000000001,0.553847144562933
12.295,0.4235749946388766
12.3,0.09969424561579321
12.305,-0.4517851482590932
12.31,-1.0815328693919048
12.315,-1.5831984459040591
12.32,-1.969455961066177
12.325000000000001,-2.289012021232261
12.33,-2.5605397809011676
12.335,-2.853107365101451
12.34,-3.135739056464008
12.345,-3.439946892655583
12.35,-3.7595124076572364
12.355,-4.0105510167036735
12.36,-4.168976166913855
12.365,-4.071597107623623
12.370000000000001,-3.6626801432953395
12.375,-3.323555139572246
12.38,-3.4517394069425853
12.385,-3.849477885094942
12.39,-4.002788113857435
12.395,-3.9130085820469676
12.4,-3.981091306489203
12.405000000000001,-4.251177570823626
12.41,-4.406982596989415
12.415000000000001,-4.402418863508229
12.42,-4.141464568918374
12.425,-3.714920317880159
12.43,-3.285963594615468
12.435,-2.7992443519645795
12.44,-2.5115872132181867
12.445,-2.444450299244616
12.450000000000001,-2.294942605613005
12.455,-2.088860209926339
12.46,-2.13627638247614
12.465,-2.4800080804705003
12.47,-2.8871884623715727
12.475,-3.1079153339535153
12.48,-3.1417840175933427
12.485,-3.136057743961141
12.49,-3.117424612534658
12.495000000000001,-2.9683458693806117
12.5,-2.6596621130917737
12.505,-2.5679666530034178
12.51,-2.7869306242081184
12.515,-2.875629762803725
12.52,-2.7056017656891256
12.525,-2.4339104744193656
12.530000000000001,-2.1267424636984598
12.535,-1.923789542328251
12.540000000000001,-1.9340156027906126
12.545,-2.0996111823771244
12.55,-2.353667018323395
12.555,-2.5845147627111267
12.56,-2.5420972577146816
12.565,-2.1347591819958716
12.57,-1.488090206770033
12.575000000000001,-0.7673873042614021
12.58,-0.2165138789934637
12.585,0.09754094250980727
12.59,0.07669494313608927
12.595,-0.1790354951916199
12.6,-0.3023611260628497
12.605,-0.2710379876344323
12.61,-0.14278253387163997
12.615,0.0615608705457128
12.620000000000001,0.14086544955280084
12.625,-0.05089914246061478
12.63,-0.0494961819630757
12.635,0.44826382429201467
12.64,0.956837634661009
12.645,1.1400013296924882
12.65,1.208063766470595
12.655000000000001,1.3366159078747546
12.66,1.525285363665641
12.665000000000001,1.773742958634569
12.67,2.0613807724179987
12.675,2.0851534619904983
12.68,1.7847747720352292
12.685,1.40059606837635
12.69,0.95219029724071
12.695,0.9792700451072497
12.700000000000001,1.5197763646118507
12.705,1.5766331574666863
12.71,0.9490458389444343
12.715,0.2755285422607143
12.72,-0.09236065299492426
12.725,-0.2623580562108069
12.73,-0.38394613040528636
12.735,-0.4684948783858377
12.74,-0.5399261567592902
12.745000000000001,-0.5886608241150282
12.75,-0.5673225336267298
12.755,-0.4737806354051646
12.76,-0.3340243114082494
12.765,-0.1492342978229817
12.77,0.051066030419994746
12.775,0.2605900229857599
12.780000000000001,0.5002408837200416
12.785,0.7721597846181405
12.790000000000001,1.3917216041817038
12.795,2.3144440352502262
12.8,2.9549152971207464
12.805,3.2789447808017202
12.81,3.5718631352230066
12.815,3.921057934013416
12.82,4.174411359386275
12.825000000000001,4.103460690180423
12.83,3.7523978529526083
12.835,3.3134161544140595
12.84,2.8526789289357946
12.845,2.6610219033609996
12.85,2.76950350524807
12.855,2.914000733037066
12.86,3.095354261614266
12.865,3.3115326658789073
12.870000000000001,3.5613754343622093
12.875,3.8436975455288147
12.88,4.159331662109563
12.885,4.248623412495427
12.89,3.9696280924308924
12.895,3.694490764295949
12.9,3.704795936828277
12.905000000000001,3.884297608985043
12.91,4.0881090572763235
12.915000000000001,4.452238243013627
12.92,5.041668510366816
12.925,5.714822004592459
12.93,6.3416940587122435
12.935,6.891791588486778
12.94,7.31968154424969
12.945,7.65277126764844
12.950000000000001,7.6372803828732945
12.955,7.1905412563305
12.96,6.83333005307113
12.965,6.675277043696951
12.97,6.303370377498917
12.975,5.708246723697135
12.98,5.279983991518072
12.985,5.03169045022859
12.99,4.7262697655155455
12.995000000000001,4.313442068469465
13.0,3.7752171026565193
13.005,3.1205831526364456
13.01,2.455292210972349
13.015,1.8545441429128036
13.02,1.3291738779462081
13.025,0.8914330234780152
13.030000000000001,0.5564086400379652
13.035,0.36111860993968126
13.040000000000001,0.29219349775781966
13.045,0.0008911005216238888
13.05,-0.6356571737352865
13.055,-1.4569066680918672
13.06,-2.2635169565114985
13.065,-2.725729854981319
13.07,-2.9343746776414426
13.075000000000001,-3.267008949895808
13.08,-3.7544895119302506
13.085,-4.1026216287893496
13.09,-4.22876785644845
13.095,-4.2644668469326925
13.1,-4.2812793589232205
13.105,-4.296278090828645
13.11,-4.322055260700278
13.115,-4.337049082449983
13.120000000000001,-4.319474650729255
13.125,-4.24026749279025
13.13,-4.0383539916712
13.135,-3.691178081871879
13.14,-3.057264976049412
13.145,-2.410281371018021
13.15,-1.7431178666644875
13.155000000000001,-1.0630092809351925
13.16,-0.3771904317764996
13.165000000000001,0.3071038628652598
13.17,0.9826387850437346
13.175,1.6421795168125453
13.18,2.2784912402253816
13.185,2.884339137335836
13.19,3.4524883901976295
13.195,3.9757041808643354
13.200000000000001,4.4467516913896645
13.205,4.858396103827217
13.21,5.203402600230675
13.215,5.474536362653668
13.22,5.664562573149864
13.225,5.766246413772874
13.23,5.772353066576384
13.235,5.6756477136140635
13.24,5.468895536939481
13.245000000000001,5.144861718606346
13.25,4.696311440668284
13.255,4.116009885178967
13.26,3.3967222341920422
13.265,2.531213669761116
